"id","eudractNumber","predicted_deaths"
"2007-002997-72-ES","2007-002997-72",296.942762223421
"2007-005182-35-BE","2007-005182-35",3349.90739313436
"2008-005713-22-ES","2008-005713-22",517.583361598244
"2008-006801-17-BE","2008-006801-17",192.99236094482
"2009-015476-98-BE","2009-015476-98",249.329720294608
"2009-017905-13-BE","2009-017905-13",350.385548671865
"2010-019577-16-BE","2010-019577-16",155.238199378374
"2010-022902-41-BE","2010-022902-41",1553.85461582304
"2010-024238-46-DE","2010-024238-46",42.8082291677549
"2011-000509-29-BE","2011-000509-29",289.218692039405
"2011-001965-42-ES","2011-001965-42",262.040082672472
"2011-005328-17-ES","2011-005328-17",718.190197406859
"2011-005334-20-BE","2011-005334-20",635.662859737632
"2012-001628-37-BE","2012-001628-37",296.671543433019
"2012-002018-37-BE","2012-002018-37",637.316729978369
"2012-003442-32-FR","2012-003442-32",140.580887423395
"2012-004492-38-BE","2012-004492-38",260.035422262527
"2012-004902-82-BE","2012-004902-82",863.615483324133
"2013-000123-13-BE","2013-000123-13",13.5613644968894
"2013-000829-31-NL","2013-000829-31",17.4147091270218
"2013-001161-16-IT","2013-001161-16",30.5229013539704
"2013-001352-34-ES","2013-001352-34",223.001756130785
"2014-001458-40-BE","2014-001458-40",70.2271270484175
"2015-000380-13-BE","2015-000380-13",264.120254512272
"2016-001432-35-BE","2016-001432-35",287.387145033083
"2016-002453-38-BE","2016-002453-38",71.0112774467489
"2017-001994-18-BE","2017-001994-18",181.160287464183
"2018-000221-31-BE","2018-000221-31",255.93291212256
"2018-000222-61-BE","2018-000222-61",221.401706404537
"2018-003069-33-BE","2018-003069-33",232.839146550561
"2020-002818-41-DE","2020-002818-41",29.8313874237492
