"id","eudractNumber","randomised","double_blind","therapeutic_area","condition_is_diabetes","subjects_exposed_total","nonserious_ae_count","deaths_total","mortality_percent","condition_text"
"2014-000619-14-DE","2014-000619-14",1,0,"Diseases C - Cancer C04",0,945,903,2,0.211640211640212,"Patients with primary breast cancer"
"2011-005328-17-ES","2011-005328-17",0,0,"Diseases C - Cancer C04",0,5142,513,177,3.44224037339557,"HER2-positive primary breast cancer"
"2011-005189-39-ES",NA,1,0,"Diseases C - Cancer C04",0,NA,NA,NA,NA,"HER 2 - positive metastatic breast cancer"
"2011-004714-41-DE","2011-004714-41",1,0,"Diseases C - Cancer C04",0,1206,1119,5,0.414593698175788,"Patients with primary breast cancer"
"2007-002997-72-ES","2007-002997-72",1,1,"Unknown",0,854,309,513,60.0702576112412,"Cncer de mama metastsico HER2 positivo HER2 positive metastatic breast cancer"
"2018-001881-40-ES","2018-001881-40",1,1,"Diseases C - Cancer C04",0,451,94,24,5.32150776053215,"Early Human epidermal growth factor receptor 2 HER2-positive breast cancer"
"2007-002016-26-FI",NA,1,0,"Unknown",0,NA,NA,NA,NA,"Invasive early breast cancer that has been removed by surgery."
"2018-003069-33-BE","2018-003069-33",1,0,"Diseases C - Cancer C04",0,543,181,239,44.0147329650092,"Unresectable and/or metastatic breast cancer that is human epidermal growth factor receptor 2 HER2-low"
"2017-001994-18-BE","2017-001994-18",1,0,"Diseases C - Cancer C04",0,425,113,275,64.7058823529412,"breast tumours"
"2014-002249-22-DE",NA,1,0,"Diseases C - Cancer C04",0,NA,NA,NA,NA,"Patients with HER2-positive and hormone-receptor positive metastatic breast cancer"
"2013-000123-13-BE","2013-000123-13",0,0,"Diseases C - Cancer C04",0,101,62,2,1.98019801980198,"TO INVESTIGATE THE AT HOME ADMINISTRTATION  OF TRASTUZUMAB SUBCUTANEOUS VIAL FOR THE TREATMENT OF PATIENTS WITH HER2-POSITIVE EARLY BREAST CANCER."
"2013-000829-31-NL","2013-000829-31",0,0,"Diseases C - Cancer C04",0,125,484,2,1.6,"HER2-positive early breast cancer"
"2013-001161-16-IT","2013-001161-16",0,0,"Diseases C - Cancer C04",0,228,28,7,3.07017543859649,"EARLY AND LOCALLY ADVANCED HER2-POSITIVE BREAST CANCER"
"2008-005713-22-ES","2008-005713-22",1,0,"Unknown",0,1114,118,637,57.181328545781,"Tratamiento de pacientes con cncer de mama HER-2 positivo localmente avanzado o metastsico que hayan recibido un taxano y trastuzumab tras progresin de la enfermedad."
"2019-004699-21-DE","2019-004699-21",1,0,"Diseases C - Cancer C04",0,81,33,30,37.037037037037,"Metastatic or Locally Advanced, Treatment-nave, HER2-Positive Gastric or Gastroesophageal Junction Cancer"
"2013-001352-34-ES","2013-001352-34",1,1,"Diseases C - Cancer C04",0,702,256,112,15.954415954416,"Metastatic Breast Cancer"
"2010-019577-16-BE","2010-019577-16",1,0,"Diseases C - Cancer C04",0,367,25,18,4.90463215258856,"HER2-positive metastatic breast cancer who have received trastuzumab and endocrine therapy in the neoadjuvant and/or adjuvant setting"
"2013-004525-84-ES","2013-004525-84",1,1,"Diseases C - Cancer C04",0,549,125,36,6.55737704918033,"Her-2 Positive Early Breast Cancer"
"2016-002453-38-BE","2016-002453-38",1,0,"Diseases C - Cancer C04",0,167,85,117,70.059880239521,"Metastatic breast cancer with stable brain metastases"
"2009-017905-13-BE","2009-017905-13",1,1,"Diseases C - Cancer C04",0,1080,497,514,47.5925925925926,"First line treatment in HER2 positive progressive or recurrent locally advanced or metastatic breast cancer MBC"
"2020-002818-41-DE","2020-002818-41",1,1,"Diseases C - Cancer C04",0,96,4,9,9.375,"Locally advanced / metastatic breast cancer"
"2009-015476-98-BE","2009-015476-98",1,0,"Diseases C - Cancer C04",0,581,190,349,60.0688468158348,"patients with metastatic HER2 over-expressing breast cancer"
"2018-000222-61-BE","2018-000222-61",1,0,"Diseases C - Cancer C04",0,518,144,169,32.6254826254826,"Unresectable/metastatic breast cancer with human epidermal growth factor receptor 2 HER2-positive expression"
"2012-002018-37-BE","2012-002018-37",1,0,"Diseases C - Cancer C04",0,1460,385,220,15.0684931506849,"HER2-positive primary breast cancer."
"2007-005182-35-BE","2007-005182-35",1,0,"Unknown",0,6944,548,148,2.13133640552995,"Resected node-positive or high risk node-negative, invasive HER2-positive breast cancer."
"2021-000398-10-BE","2021-000398-10",1,1,"Diseases C - Cancer C04",0,NA,NA,NA,NA,"Breast cancer"
"2012-000660-22-BE","2012-000660-22",1,0,"Diseases C - Cancer C04",0,404,125,333,82.4257425742574,"Human Epidermal growth factor Receptor 2 HER2 positive locally advanced or metastatic Gastric Cancer GC, including adenocarcinoma of the gastroesophageal junction GEJ."
"2010-024238-46-DE","2010-024238-46",1,0,"Diseases C - Cancer C04",0,101,48,73,72.2772277227723,"Patients with initially HER2-negative metastatic breast cancer and HER2-positive circulating tumor cells"
"2017-004897-32-BE","2017-004897-32",1,0,"Diseases C - Cancer C04",0,500,102,26,5.2,"Human epidermal growth factor receptor 2 HER2-positive Early Breast Cancer."
"2012-003554-83-BE","2012-003554-83",1,1,"Diseases C - Cancer C04",0,773,301,617,79.8188874514877,"HER2-positive advanced gastroesophageal junction/gastric cancer"
"2011-000509-29-BE","2011-000509-29",1,0,"Diseases C - Cancer C04",0,681,71,369,54.1850220264317,"HER2-Positive Metastatic Breast Cancer MBC"
"2020-005048-46-BE",NA,0,0,"Diseases C - Cancer C04",0,NA,NA,NA,NA,"Treatment of patients with HER2-positive breast cancer with or without brain metastasis"
"2010-022902-41-BE","2010-022902-41",1,1,"Diseases C - Cancer C04",0,4769,546,450,9.43594044873139,"Patients with operable HER2-positive primary breast cancer"
"2011-001965-42-ES","2011-001965-42",1,1,"Diseases C - Cancer C04",0,836,103,10,1.19617224880383,"Human Epidermal Growth Factor Receptor 2 positive HER2+ metastatic breast cancer MBC"
"2018-000236-97-HU","2018-000236-97",1,1,"Diseases C - Cancer C04",0,338,13,1,0.29585798816568,"HER-2 positive breast cancer"
"2016-001432-35-BE","2016-001432-35",1,1,"Diseases C - Cancer C04",0,889,456,763,85.8267716535433,"Triple-Negative Breast Cancer"
"2019-002741-37-BE",NA,1,1,"Diseases C - Cancer C04",0,NA,NA,NA,NA,"HER2-positive advanced breast cancer"
"2012-004902-82-BE","2012-004902-82",1,0,"Diseases C - Cancer C04",0,1838,1227,100,5.44069640914037,"HER2-positive operable primary breast cancer."
"2012-004492-38-BE","2012-004492-38",1,0,"Diseases C - Cancer C04",0,614,39,456,74.2671009771987,"HER2+ Metastatic Breast Cancer"
"2008-006801-17-BE","2008-006801-17",1,0,"Diseases C - Cancer C04",0,446,285,270,60.5381165919283,"HER2 positive metastatic breast cancer which has progressed after one line of trastuzumab-based therapy in the metastatic setting"
"2012-003442-32-FR","2012-003442-32",1,0,"Diseases C - Cancer C04",0,332,37,2,0.602409638554217,"HER2-positive metastatic breast cancer"
"2007-001826-28-GB","2007-001826-28",1,1,"Diseases C - Cancer C04",0,232,12,84,36.2068965517241,"The medical condition being investigated in this trial is locally advanced or metastatic urological cancer. The tumour must overexpress HER1 and/or HER2 gene."
"2012-004879-38-BE","2012-004879-38",1,0,"Diseases C - Cancer C04",0,442,124,11,2.48868778280543,"HER2-positive, operable, locally advanced or inflammatory early breast cancer."
"2006-001707-11-NL",NA,1,1,"Unknown",0,NA,NA,NA,NA,"WHO: 0-2 Serum creatinine 140 umol/l Thyroid stimulating hormone between 0.5-3.9 MU/l. Blood pressure systolic  140 mmHg diastolic  90 mmHg is acceptable at randomization. LVEF  50  assessed by multigated angiography MUGA or cardiac ultrasound"
